{
    "vertices":[1.97303,-0.774045,-2.22364,1.97303,0.676076,-2.22364,1.35812,-0.774045,-3.86755,1.35812,0.676076,-3.86755,2.63423,-0.556527,-2.93945,2.63423,0.241039,-2.93945,2.32677,-0.556527,-3.7614,2.32677,0.241039,-3.7614,3.04533,-0.0255136,-3.75436,3.04533,-0.422505,-3.75436,3.17177,-0.422505,-3.41633,3.17177,-0.0255136,-3.41633,1.03676,-0.774045,-3.74735,1.65167,-0.774045,-2.10344,1.65167,0.676076,-2.10344,1.03676,0.676076,-3.74735,1.65167,0.676076,-2.10344,1.03676,0.676076,-3.74735,-0.35819,-0.931188,-2.55049,1.37395,-0.670747,-1.56278,1.37395,0.927636,-1.56278,-0.35819,0.927636,-2.55049,-1.5721,-1.13364,-1.0356,1.02489,-1.24959,-0.449662,1.02489,1.16213,-0.429378,-1.5721,1.16213,-1.18123,-1.96764,-1.32793,0.675955,1.30355,-1.32793,1.42829,1.15447,1.65543,1.52016,-2.18055,1.26126,0.450716,-1.84454,1.09767,3.75496,1.07779,1.01648,3.83001,1.0635,-1.17345,3.43563,-1.37764,-1.17345,3.0784,-1.02052,-0.257045,4.8099,-0.854435,-1.00026,4.75318,1.00019,-0.248814,4.87741,0.772514,-1.00026,4.80635,1.93555,-0.0808014,-1.19913,1.78017,0.650465,-1.25716,1.78028,-0.467571,-0.333766,1.51589,0.681638,-0.18834,2.21641,-0.83406,-1.53588,2.25493,-1.05965,-0.629059,2.24456,-0.286326,-1.34716,2.36757,-0.537414,-0.510733,2.65284,-0.832946,-1.51335,2.67028,-0.90189,-1.0624,2.63656,-0.517552,-1.37752,2.8103,-0.554477,-1.0567,-0.720904,0.770482,-2.69933,-0.720904,-0.889323,-2.69933,-1.60599,0.941458,-1.70099,-1.60599,-1.03693,-1.5948,-1.03283,0.127409,-3.1783,-1.09945,-0.868278,-3.13773,-1.74689,0.227516,-2.48204,-1.64698,-0.954705,-2.41549,-2.24407,-0.887293,-3.18325,-2.28916,-0.391157,-3.05455,-1.81889,-0.845913,-3.56285,-1.77856,-0.369192,-3.5379,-2.27626,-0.386564,-3.65464,-1.79822,-0.368462,-3.8742,-1.81792,-0.761337,-3.90795,-2.19367,-0.795439,-3.73086,1.51198,-1.2299,3.76764,1.71199,-0.0494645,3.97652,1.5725,-1.14878,4.63253,1.67913,-0.796833,4.66582,2.01523,-1.24572,3.441,2.10702,-0.836181,3.64439,2.23018,-1.27977,3.98835,2.27912,-0.935404,4.00362,-2.35459,0.0876835,3.26073,-2.08313,-1.37768,3.01709,-1.97621,-0.415236,4.20178,-1.83148,-1.1372,4.16881,-2.78202,-0.511801,2.98472,-2.60797,-1.09764,2.8285,-3.00883,-0.64409,3.21248,-2.91603,-1.107,3.19134],
    "materials":[{
        "wireframe":false,
        "blending":"NormalBlending",
        "colorEmissive":[0,0,0],
        "transparent":false,
        "opacity":1,
        "DbgColor":15658734,
        "visible":true,
        "colorDiffuse":[0.080081,0.277516,0.293789],
        "DbgIndex":0,
        "depthTest":true,
        "depthWrite":true,
        "doubleSided":false,
        "shading":"lambert",
        "DbgName":"wool"
    },{
        "wireframe":false,
        "blending":"NormalBlending",
        "colorEmissive":[0,0,0],
        "transparent":false,
        "opacity":1,
        "DbgColor":15597568,
        "visible":true,
        "colorDiffuse":[0.465167,0.273789,0.192389],
        "DbgIndex":1,
        "depthTest":true,
        "depthWrite":true,
        "doubleSided":false,
        "shading":"lambert",
        "DbgName":"nose"
    }],
    "uvs":[],
    "faces":[35,1,3,15,14,0,0,0,0,0,35,2,3,7,6,0,1,1,1,1,35,5,4,10,11,1,2,2,2,2,35,1,0,4,5,0,3,3,3,3,35,4,0,2,6,0,4,4,4,4,35,7,3,1,5,0,5,5,5,5,35,9,8,11,10,1,6,6,6,6,35,4,6,9,10,1,7,7,7,7,35,7,5,11,8,1,8,8,8,8,35,6,7,8,9,1,9,9,9,9,35,14,15,21,20,0,10,10,10,10,35,2,0,13,12,0,11,11,11,11,35,3,2,12,15,0,12,12,12,12,35,0,1,14,13,0,13,13,13,13,35,15,14,16,17,0,14,14,14,14,35,20,21,25,24,0,15,15,15,15,35,12,13,19,18,0,16,16,16,16,35,15,12,18,21,0,17,17,17,17,35,13,14,20,19,0,18,18,18,18,35,25,22,26,29,0,19,19,19,19,35,18,19,23,22,0,20,20,20,20,35,18,22,53,51,0,21,21,21,21,35,20,24,41,39,0,22,22,22,22,35,33,32,37,35,0,23,23,23,23,35,23,24,28,27,0,24,24,24,24,35,24,25,29,28,0,25,25,25,25,35,22,23,27,26,0,26,26,26,26,35,27,28,31,32,0,27,27,27,27,35,29,26,33,30,0,28,28,28,28,35,26,27,32,33,0,29,29,29,29,35,28,29,30,31,0,30,30,30,30,35,34,35,37,36,0,31,31,31,31,35,31,30,34,36,0,32,32,32,32,35,37,32,66,68,0,33,33,33,33,35,33,35,77,75,0,34,34,34,34,35,38,39,41,40,0,35,35,35,35,35,24,23,40,41,0,36,36,36,36,35,40,23,43,45,0,37,37,37,37,35,19,20,39,38,0,38,38,38,38,35,43,42,46,47,0,39,39,39,39,35,23,19,42,43,0,40,40,40,40,35,19,38,44,42,0,41,41,41,41,35,38,40,45,44,0,42,42,42,42,35,47,46,48,49,0,43,43,43,43,35,42,44,48,46,0,44,44,44,44,35,44,45,49,48,0,45,45,45,45,35,45,43,47,49,0,46,46,46,46,35,52,50,54,56,0,47,47,47,47,35,22,25,52,53,0,48,48,48,48,35,21,18,51,50,0,49,49,49,49,35,25,21,50,52,0,50,50,50,50,35,55,57,58,60,0,51,51,51,51,35,50,51,55,54,0,52,52,52,52,35,51,53,57,55,0,53,53,53,53,35,53,52,56,57,0,54,54,54,54,35,54,55,60,61,0,55,55,55,55,35,60,58,65,64,0,56,56,56,56,35,57,56,59,58,0,57,57,57,57,35,56,54,61,59,0,58,58,58,58,35,58,59,62,65,0,59,59,59,59,35,62,63,64,65,0,60,60,60,60,35,59,61,63,62,0,61,61,61,61,35,61,60,64,63,0,62,62,62,62,35,67,69,73,71,0,63,63,63,63,35,36,37,68,69,0,64,64,64,64,35,32,31,67,66,0,65,65,65,65,35,31,36,69,67,0,66,66,66,66,35,70,71,73,72,0,67,67,67,67,35,69,68,72,73,0,68,68,68,68,35,68,66,70,72,0,69,69,69,69,35,66,67,71,70,0,70,70,70,70,35,75,77,81,79,0,71,71,71,71,35,34,30,74,76,0,72,72,72,72,35,35,34,76,77,0,73,73,73,73,35,30,33,75,74,0,74,74,74,74,35,78,79,81,80,0,75,75,75,75,35,74,75,79,78,0,76,76,76,76,35,76,74,78,80,0,77,77,77,77,35,77,76,80,81,0,78,78,78,78],
    "skinIndices":[],
    "normals":[-1.18977e-08,1,-3.18075e-08,0.108933,0,-0.994049,0.663643,0,0.748049,0.734569,0,0.678534,0.227164,-0.970143,-0.0849715,0.418869,0.894427,-0.15668,0.93662,0,-0.350346,0.183572,-0.980605,-0.0686656,0.345988,0.92927,-0.129418,0.00979701,0,-0.999952,0.152828,0.978808,-0.136302,1.18977e-08,-1,3.18075e-08,-0.350347,0,-0.93662,0.350346,0,0.93662,0,0,0,0.0594264,0.987217,-0.14789,0.0698564,-0.996894,0.0363564,-0.651165,0,-0.758937,0.889508,0,0.456919,-0.955316,-0.0635542,-0.288673,0.112666,-0.968745,-0.220997,-0.0448941,-0.984834,-0.16759,0.615543,0.784351,0.0768135,-0.0114869,-0.99343,0.113865,0.993575,0.0297246,-0.1092,-0.0148356,0.986164,-0.165108,-0.00241279,-0.997119,-0.0758117,0.996984,0.0188997,0.0752664,-0.975784,-0.151162,0.158097,-0.0137859,-0.997383,0.0709735,-0.0757826,0.986593,0.144536,-0.0327597,-0.0837933,0.995944,-0.0133421,0.623473,0.781731,-0.172857,-0.980479,0.0937142,0.160887,-0.981934,0.0996054,0.949124,0.200581,0.242756,-0.260363,-0.0641626,0.963376,0.202621,-0.30213,0.931484,0.564929,0.0171293,-0.824962,0.078183,-0.973607,-0.214422,-0.0154486,-0.928108,-0.371991,0.0391331,0.419938,-0.906709,0.384601,0.861942,0.33036,0.958964,-0.124642,-0.25466,0.088268,0.349522,-0.932761,0.366957,0.920395,0.134969,0.73833,-0.300595,0.603747,-0.477258,0.678165,-0.558854,-0.998053,0.00366852,0.0622675,0.379652,0,-0.925129,-0.239339,0.899235,-0.366187,0.0204037,-0.995036,-0.0974049,0.808066,-0.0292608,-0.588364,0.0410248,-0.994607,-0.0952519,-0.992174,-0.0246748,0.122402,0.482782,-0.0443422,-0.874617,-0.0440027,-0.97959,-0.196132,-0.740614,-0.0886502,0.666057,-0.378593,0.810608,-0.446746,-0.990027,-0.124932,-0.0651012,-0.42414,0.0903303,-0.901081,-0.0362751,0.999324,0.00594239,0.997154,-0.0664149,-0.0356728,0.79545,0.518786,0.313241,0.183755,-0.147575,0.971831,0.5036,0.121085,-0.85541,0.62932,0.48762,0.60513,0.915335,-0.0551799,-0.398894,0.684459,-0.20178,0.700572,-0.0843528,-0.9952,0.0496183,-0.377998,0.296759,-0.876956,-0.280688,-0.95032,0.134562,-0.703296,0.256969,0.662828,-0.500845,-0.158337,0.850931,0.167271,0.266801,-0.949125,-0.730785,-0.0711309,-0.678892,0.354537,0.252513,-0.900301,-0.692719,0.592178,0.411663,-0.662722,-0.166204,0.730188],
    "influencesPerVertex":2,
    "skinWeights":[],
    "metadata":{
        "vertices":82,
        "materials":2,
        "faces":79,
        "type":"Geometry",
        "normals":79,
        "version":3,
        "generator":"io_three",
        "uvs":0
    }
}